https://escolar1.unam.mx/Febrero2020/resultados.pdf,
https://escolar1.unam.mx/Junio2019/resultados.pdf,
https://escolar1.unam.mx/Febrero2019/resultados.pdf,
https://escolar1.unam.mx/Junio2018/resultados.pdf,
https://escolar1.unam.mx/Febrero2018/resultados.pdf,
https://servicios.dgae.unam.mx/Junio2017/resultados.pdf,
https://servicios.dgae.unam.mx/Febrero2017/resultados.pdf,
https://servicios.dgae.unam.mx/Junio2016/resultados.pdf,
https://servicios.dgae.unam.mx/Febrero2016/resultados.pdf,
https://servicios.dgae.unam.mx/Junio2015/resultados.pdf,
https://servicios.dgae.unam.mx/Febrero2015/resultados.pdf,
https://servicios.dgae.unam.mx/Junio2014/resultados.pdf,
https://servicios.dgae.unam.mx/Febrero2014/resultados.pdf,
https://servicios.dgae.unam.mx/Junio2013/resultados/index.html,
https://servicios.dgae.unam.mx/Febrero2013/resultados/index.html,
https://servicios.dgae.unam.mx/Junio2012/resultados/index.html,
https://servicios.dgae.unam.mx/Febrero2012/resultados/index.html,
https://servicios.dgae.unam.mx/Junio2011/resultados/index.html,
https://servicios.dgae.unam.mx/Febrero2011/resultados/index.html,
https://servicios.dgae.unam.mx/Junio2010/resultados/index.html,
https://servicios.dgae.unam.mx/Febrero2010/resultados/index.html,